Percentile,Return,Value
1%,-37.03%,-0.3703104586484184
5%,-21.88%,-0.21878334210484773
10%,-12.27%,-0.12265970798062914
25%,6.71%,0.06705657403842648
50%,33.05%,0.33045810223682415
75%,66.52%,0.665247326602837
90%,104.55%,1.0455260194205804
95%,131.69%,1.3169248239662936
99%,193.88%,1.93876410212467
