Percentile,Value
1%,81153.48262137664
5%,88065.10879719614
10%,91686.60606479275
25%,97755.0611090779
50%,104526.49611286705
75%,111269.14699019969
90%,117343.24056820685
95%,121005.23506095218
99%,127726.13826282344
